id,codigo,nombre,grupo,unidad_de_pago,valor_unidad
0,A195,Abono Con  Tierra De Diatomeas 25 Kilos(Silicio),Abonar,UND,5000
1,A30,Abono Bosque  Saco 50 Kl,Abonar,UND,6000
2,EM06,Contrato de precorte,Embarque,UND,10000
3,SB11,Contrato Control foliar,Foliar,BOMBA 20 L,6720
4,T05,Contrato De Fumigación ,Control,UND,30000
5,T06,Contrato De Fumigación ,Control,UND,40000
6,EM07,Contrato Inventario con Jaco,Embarque,HECTÁREA,10000
7,T07, Contrato Limpieza a machete,Limpia machete,HECTAREA,280000
8,SB13,Contrato Control foliar,Foliar,MOTOR 13 L,2000
9,T08,Contrato Pase De Guadaña,Guadaña Control Maleza,HECTAREA,170000
10,T09,Contrato Toconeo,Labores Campo,UND,1500
11,T10,Contrato Arranque Bejuco,Limpia bejuco,HECTAREA,38800
12,SB14,Contrato Control foliar,Foliar,BOMBA 18 LTS,1600
13,SB15,Contrato Control foliar,Foliar,HECTAREA,24000
14,ADM01,Básico Empleado,Aministracion,UND,
15,ADM02,Cumplimiento,Aministracion,UND,
16,ADM03,Bonificación Producción,Aministracion,UND,
17,ADM04,Bono responsabilidad,Aministracion,UND,
18,ADM05,Transporte,Aministracion,UND,
19,ADM06,Contrato Supervisor De Labores,Administracion,UND,40000
20,ADM07,Reposo,Administracion,,16800
21,AS01,Contrato Aseo Embarque ,Mantenimiento,UND,28000
22,AS02,Contrato Aseo Botada De Vástagos De Plátano,Mantenimiento,UND,14
23,AS03,Contrato Aseo bodega,Mantenimiento,UND,24640
24,AS04,Contato Aseo Instalaciones,Mantenimiento,UND,24641
25,B001,Descargue  De Bultos De Abono,,UND,250
26,CE01,Contrato Elaboracion Cerca,,METRO,25000
27,CE02,Contrato Mantenimiento Cerca,,METRO,40000
28,CM00,Contrato De Fumigación ,Fumigacion  Control Maleza ,HA./SEM,
29,CM01,Contrato Fumigacion A 1 Semanas Libre,Fumigacion  Control Maleza ,HECTÁREA,5600
30,CM02,Contrato Fumigacion A 2 Semanas Libre,Fumigacion  Control Maleza ,HECTÁREA,11200
31,CM03,Contrato Fumigacion A 3 Semanas Libre,Fumigacion  Control Maleza ,HECTÁREA,16800
32,CM04,Contrato Fumigacion A 4 Semanas Libre,Fumigacion  Control Maleza ,HECTÁREA,22400
33,CM05,Contrato Fumigacion A 5 Semanas Libre,Fumigacion  Control Maleza ,HECTÁREA,28000
34,CM06,Contrato Fumigacion A 6 Semanas Libre,Fumigacion  Control Maleza ,HECTÁREA,33600
35,CM07,Contrato Fumigacion A 7 Semanas Libre,Fumigacion  Control Maleza ,HECTÁREA,39200
36,CM08,Contrato Fumigacion A 8 Semanas Libre,Fumigacion  Control Maleza ,HECTÁREA,44800
37,CM09,Contrato Fumigacion A 9 Semanas Libre,Fumigacion  Control Maleza ,HECTÁREA,50400
38,CM10,Contrato Fumigacion A 10 Semanas Libre,Fumigacion  Control Maleza ,HECTÁREA,56000
39,CM11,Contrato Fumigacion A 11 Semanas Libre,Fumigacion  Control Maleza ,HECTÁREA,61600
40,CM12,Contrato Fumigacion A 12 Semanas Libre,Fumigacion  Control Maleza ,HECTÁREA,67200
41,CM13,Contrato Fumigacion A 13 Semanas Libre,Fumigacion  Control Maleza ,HECTÁREA,72800
42,CM14,Contrato Fumigacion A 14 Semanas Libre,Fumigacion  Control Maleza ,HECTÁREA,78400
43,CM15,Contrato Pase De Guadaña,Guadaña Control Maleza,HECTAREA,5000
44,CM16,Contrato Toconeo,Labores Campo,UND,1680
45,CM17,Contrato Arranque Bejuco,Limpia bejuco,HECTAREA,5000
46,CM18,Contrato Ayudante Motosierra,,UND,5000
47,CM19,Contrato Operador Motosierra,,UND,45000
48,CM20, Contrato Limpieza a machete,Limpia machete,HECTAREA,5000
49,COC01,Contrato Tumba Coco,Coco,UND,100
50,COC02,Contrato Recolección De Coco Tumbado,Recojida Coco,UND,100
51,COC03,Contrato Pelada De Cocos,Pelada coco,UND,100
52,COC04,Clasificación Coco,,UND,5000
53,COC05,"Contrato Curada, Limpieza De Pie Y Abonada De Coco",,UND,3360
54,COC06,Contrato Limpieza Y Abonado De Planta De Coco,,UND,672
55,COC07,Contrato Recolección De Coco Derramado,Recojida Coco,UND,100
56,DH00,Contrato De Deshoje,Deshoje,HECTÁREA,0
57,DH01,Contrato De Deshoje 1 Semana,Deshoje,HECTÁREA,6720
58,DH02,Contrato De Deshoje 2 Semana,Deshoje,HECTÁREA,13440
59,DH03,Contrato De Deshoje 3 Semana,Deshoje,HECTÁREA,20160
60,DH04,Contrato De Deshoje 4 Semana,Deshoje,HECTÁREA,26880
61,DH05,Contrato De Deshoje 5 Semana,Deshoje,HECTÁREA,33600
62,DH06,Contrato De Deshoje 6 Semana,Deshoje,HECTÁREA,40320
63,DH07,Contrato De Deshoje 7 Semana,Deshoje,HECTÁREA,47040
64,DH08,Contrato De Deshoje 8 Semana,Deshoje,HECTÁREA,53760
65,DH09,Contrato De Deshoje 9 Semana,Deshoje,HECTÁREA,60480
66,DH10,Contrato De Deshoje 10 Semana,Deshoje,HECTÁREA,67200
67,DM00,Contrato Desmache,Desmache,HA./SEM,
68,DM01,Contrato Desmache 1 Semanas Libre,Desmache,HA./SEM,5600
69,DM02,Contrato Desmache 2 Semanas Libre,Desmache,HA./SEM,11200
70,DM03,Contrato Desmache 3 Semanas Libre,Desmache,HA./SEM,16800
71,DM04,Contrato Desmache 4 Semanas Libre,Desmache,HA./SEM,22400
72,DM05,Contrato Desmache 5 Semanas Libre,Desmache,HA./SEM,28000
73,DM06,Contrato Desmache 6 Semanas Libre,Desmache,HA./SEM,33600
74,DM07,Contrato Desmache 7 Semanas Libre,Desmache,HA./SEM,39200
75,DM08,Contrato Desmache 8 Semanas Libre,Desmache,HA./SEM,44800
76,DM09,Contrato Desmache 9 Semanas Libre,Desmache,HA./SEM,50400
77,DM10,Contrato Desmache 10 Semanas Libre,Desmache,HA./SEM,56000
78,DM11,Contrato Desmache 11 Semanas Libre,Desmache,HA./SEM,61600
79,DM12,Contrato Desmache 12 Semanas Libre,Desmache,HA./SEM,67200
80,DM13,Contrato Desmache 13 Semanas Libre,Desmache,HA./SEM,72800
81,DM14,Contrato Desmache 14 Semanas Libre,Desmache,HA./SEM,78400
82,EM01,Contrato Corte de platano,Embarque,UND,33600
83,EM02,Contrato Barcadillero,Embarque,UND,40000
84,EM03,Codificacion de carton (caja completa),Embarque,UND,56
85,EM04,Contrato Arreglo De Cintas,Embarque,UND,7
86,EM05,Contrato Preembarque,Embarque,UND,14340
87,GR01,Contrato Mantenimiento Garrucha,Mantenimiento,UND,1120
88,GR02,Contrato de Mantenimiento de cable via(engrase),Mantenimiento,UND,24640
89,LB00,Labor a Basico,Labores Campo,UND,33500
90,LB01,Contrato Repique De Matas Caídas,Labores Campo,UND,33500
91,NT,No Trabajó,,,
92,NT01,Contrato Abono Con Potasio,Abonar,UND,6720
93,NT02,Contrato Abono Con Dap,Abonar,UND,6720
94,NT03,Contrato Abono Con Sulfato De Amonio,Abonar,UND,6720
95,NT04,Contrato Abono Con  Tierra De Diatomeas 25 Kilos(Silicio),Abonar,UND,4480
96,NT05,Contrato Abono Con Urea,Abonar,UND,6720
97,NT06,Contrato Abono Con Urea Enterrado,Abonar,UND,12500
98,NT07,Contrato Abono con materia organica,Abonar,UND,3000
99,NT08,Contrato Abono con micorriza,Abonar,UND,6720
100,NT09,Contrato Abono Mezclas Dap-Urea 120 grms,Abonar,UND,6720
101,NT10,Contrato Abono Mezclas Dap-Urea 150 grms ENTERRADO,Abonar,UND,13440
102,NT12,Contrato Hércules,Labores Campo,HECTÁREA,224000
103,PF01,Contrato Embolse,Embolse,UND,180
104,PF02,Contrato Embolse con Jaco,Embolse,UND,200
105,PF03,Contrato Desflore,Desflore,UND,180
106,PF04,Contrato Desflore con Jaco,Embolse,UND,200
107,PF05,Contrato Amarre,,,
108,PF06,Contrato Elaboracion cinta edad,Embolse,UND,7
109,SB01,Contrato Realce De  Resiembra ,Resiembra,UND,100
110,SB02,Contrato Realce De  Resiembra ,Resiembra,HECTAREA,28000
111,SB03,Contrato Siembra De Cabeza Toro,Siembra/resiembra,UND,672
112,SB04,Contrato Siembra De Coco,Siembra/resiembra,UND,600
113,SB05,Contrato Siembra De Colinos,Siembra/resiembra,UND,400
114,SB06,Contrato Recolección De Semilla Y Acarreo,Labores Campo,UND,168
115,SB07,Contrato Arranque Recojida Y Traida De Semilla De Plátano(CABEZA DE TORO),Labores Campo,UND,560
116,SB08,Contrato Arreo De Semillas,Labores Campo,UND,56
117,SB09,Contrato Desinfeccion de semillas,Labores Campo,UND,30
118,SB10,Contrato Casiqueo,Labores Campo,UND,95
119,SB12,Contrato Realce De  Resiembra ,Resiembra,UND,60
120,SG01,Contrato Recabas  Canales,Canales,METRO,1344
121,SG02,Contrato Rompimiento De Canales ,Canales,METRO,1680
122,SG03,Contrato Termonebulizador ,Foliar,HECTAREA,6720
123,T01,Contrato Desmache TEMPORAL,Desmache,HECTAREA,80000
124,T02,Contrato Recabas  Canales Temporal,Canales,METRO,1500
125,T03,Contrato Toconeo Y Descumbre,Labores Campo,UND,100000
126,T04,Contrato Embolse,Embolse,UND,190
127,CODIGO LABORES,Nombre De Labores,GRUPO LABOR,UNDAD DE PAGO,VALOR UNIDAD
128,A00,No Trabajó,SIEMBRA, ,0
129,A01,Abono Con Urea Finca Pedrito,Abonar,UND,6000
130,A02,Abono Con Potasio,Abonar,UND,5000
131,A03,Abono Con Dap,Abonar,UND,5000
132,A04,Abono Con Sulfato De Amonio,Abonar,UND,5000
133,A05,Toconeo,Labores Campo,UND,21000
134,A06,Acarreo De Cajas (Carrera) ,EMPACADORA,UND,200000
135,A07,Realce De  Resiembra Pedrito,Deshoje,UND,60
136,A08,Barcadillero,EMBARQUE,UND,30000
137,A09,Amarre,Labores Campo,UND,120
138,A10,Amarre De Pita A La Cinta,Labores Campo,UND,5
139,A100,Conteo Plátano,,UND,40000
140,A101,Mantenimiento Instalaciones,MANTENIMIENTO,UND,22000
141,A102,Anticipo,,UND,
142,A103,Acarreo De Tierra,Construccion,UND,
143,A104,Cuido De Plátano,,UND,30000
144,A105,Eliminación De Arboles ,Labores Campo,UND,22000
145,A106,Descargue De Torres ,,UND,10000
146,A107,Clasificación Coco,,UND,22000
147,A108,Control  Sigatoka Por Motores,Control,UND,1500
148,A109,Bajada Torres,,UND,
149,A11,Regada De Tierra,Labores Campo,UND,150
150,A110,Limpieza Bodega,MANTENIMIENTO,UND,22000
151,A111,Desflore,Desflore,UND,120
152,A112,Supervisor De Labores,,UND,30000
153,A113,Corte De Plátano,,UND,25000
154,A114,Recojida Y Traída De Semilla,Labores Campo,UND,100
155,A115,Prensada De Bolsa ,,UND,3000
156,A116,Fumigación Pedrito + Aguateo,Fumigacion  Control Maleza ,UND,25000
157,A117,Drenaje,,UND,0
158,A118,Fumigación Especial Pedrito,Fumigacion  Control Maleza ,UND,50000
159,A119,Mantenimiento Garrucha,MANTENIMIENTO,UND,150
160,A12,Mantenimiento Cerca,MANTENIMIENTO,UND,22000
161,A120,Limpia De Matas De Coco Uveros,,UND,500
162,A121,Mantenimiento Resiembra Pablo Duarte,MANTENIMIENTO,UND,100
163,A122,Reposo,,UND,15000
164,A123,Desmache Pri,Desmache,UND,60000
165,A124,Desmache Seg,Desmache,UND,40000
166,A125,Desmache Otoniel Ter,Desmache,UND,25000
167,A126,Carrera San Pedro Pedrito Carro,,UND,30000
168,A127,Aporque Matas Plátano,Labores Campo,,
169,A128,Control Foliar Pedrito,Control,MOTOR,1800
170,A129,Elaboración De Cacha Machete,,UND,10000
171,A13,Aplicación De Agrosem,Labores Campo,BTO,6000
172,A130,Topiban,Labores Campo,UND,50
173,A131,Hércules,Labores Campo,HECTÁREA,90000
174,A132,Carne Y Aceite,,,20000
175,A133,Carrera Entre San Pedro -Pedrito-Uveros -Damaquiel,,UND,80000
176,A134,Carrera Entre San Pedro Y Damaquiel Sencilla Moto,,UND,7000
177,A135,Carrera Entre San Pedro Y Damaquiel Doble Moto,,UND,12000
178,A136,Descarge De Abono,,TONELADA,7000
179,A137,Aseo Botada De Vástagos De Plátano,MANTENIMIENTO,UND,10
180,A138,Recolección De Semilla Y Acarreo,Labores Campo,UND,80
181,A139,Carrera San Juan A F. Pedrito Moto,,UND,4000
182,A14,Arranque Recojida Y Traida De Semilla De Plátano,Labores Campo,UND,150
183,A140,Construcción De Empacadora,,UND,22000
184,A141,Costaneros (Sacada Arreada),,UND,500
185,A142,Detergente En Polvo,MANTENIMIENTO,UND,3000
186,A143,Desmache Especial Pedrito,Desmache,HECTÁREA,70000
187,A144,Abono Con Rafos 50 Kgs,Abonar,UND,5000
188,A145,Carrera San Juan Uvero -Damaquiel,,UND,60000
189,A146,Preembarque,,UND,11000
190,A147,Deshoje Doble,Deshoje,HECTÁREA,10000
191,A148,Supervisor De Labores,Labores Campo,UND,
192,A149,Carrera San Pedro-Pedrito-Uveros,,UND,50000
193,A15,Arreglo Cerca,REPARACIONES,UND,22000
194,A150,Carrera Damaquiel - Pedrito,,UND,30000
195,A151,Correccion,,UND,0
196,A152,Cargue De Costales De 50 Kilos ,,COSTAL,350
197,A153,Desinfeccion De Suelo,Labores Campo,UND,22000
198,A154,Corte De Arboles Con Hacha,MANTENIMIENTO,UND,25000
199,A155,Carrera Entre San Pedro -Uveros Sencilla Moto,,UND,10000
200,A156,Acarreo De Madera,Construccion,UND,22000
201,A157,Descargue Y Cargue De Cajas De Platano,,UND,22000
202,A158,Cargue De Cajas De Platano,,UND,22000
203,A159,Acarreo De Palma Para Construccion Empacadora,Construccion,UND,22000
204,A16,Arreglo De Bodega,MANTENIMIENTO,UND,22000
205,A160,Empalme De Casa F.Pedrito,,UND,22000
206,A161,Ayudante De Empalme Casa F.Pedrito,,UND,22000
207,A162,Labor Al Básico,Labores Campo,UND,22000
208,A163,Aplicación De Drem,,UND,25000
209,A164,Reparacion De Techo En Bodegas ,,UND,22000
210,A165,Refrigerio ,EMPACADORA,UND,10000
211,A166,Panes,EMPACADORA,UND,1000
212,A167,Carrera San Pedro-Uveros-Damaquiel,,UND,60000
213,A168,Embolse Especial F.San Pedro,Embolse,UND,130
214,A169,Desmache 2 Semanas Libre,Desmache,HECTÁREA,8400
215,A17,Arreglo De Pitas,,UND,5
216,A170,Desmache 3 Semanas Libre,Desmache,HECTÁREA,12600
217,A171,Desmache 4 Semanas Libre,Desmache,HECTÁREA,16800
218,A172,Desmache 5 Semanas Libre,Desmache,HECTÁREA,21000
219,A173,Desmache 6 Semanas Libre,Desmache,HECTÁREA,25200
220,A174,Desmache 7 Semanas Libre,Desmache,HECTÁREA,29400
221,A175,Desmache 8 Semanas Libre,Desmache,HECTÁREA,33600
222,A176,Desmache 9 Semanas Libre,Desmache,HECTÁREA,37800
223,A177,Desmache 10 Semanas Libre,Desmache,HECTÁREA,42000
224,A178,Desmache 11 Semanas Libre,Desmache,HECTÁREA,46200
225,A179,Desmache 12 Semanas Libre,Desmache,HECTÁREA,50400
226,A18,Aseo Conchas De Coco,MANTENIMIENTO,UND,
227,A180,Desmache 13 Semanas Libre,Desmache,HECTÁREA,54600
228,A181,Desmache 14 Semanas Libre,Desmache,HECTÁREA,58800
229,A182,Fumigacion A 2 Semanas Libre,Fumigacion  Control Maleza ,HECTÁREA,8400
230,A183,Fumigacion A 3 Semanas Libre,Fumigacion  Control Maleza ,HECTÁREA,12600
231,A184,Fumigacion A 4 Semanas Libre,Fumigacion  Control Maleza ,HECTÁREA,16800
232,A185,Fumigacion A 5 Semanas Libre,Fumigacion  Control Maleza ,HECTÁREA,21000
233,A186,Fumigacion A 6 Semanas Libre,Fumigacion  Control Maleza ,HECTÁREA,25200
234,A187,Fumigacion A 7 Semanas Libre,Fumigacion  Control Maleza ,HECTÁREA,29400
235,A188,Fumigacion A 8 Semanas Libre,Fumigacion  Control Maleza ,HECTÁREA,33600
236,A189,Fumigacion A 9 Semanas Libre,Fumigacion  Control Maleza ,HECTÁREA,37800
237,A19,Aseo Embarque ,MANTENIMIENTO,UND,22000
238,A190,Fumigacion A 10 Semanas Libre,Fumigacion  Control Maleza ,HECTÁREA,42000
239,A191,Fumigacion A 11 Semanas Libre,Fumigacion  Control Maleza ,HECTÁREA,46200
240,A192,Fumigacion A 12 Semanas Libre,Fumigacion  Control Maleza ,HECTÁREA,50400
241,A193,Fumigacion A 13 Semanas Libre,Fumigacion  Control Maleza ,HECTÁREA,54600
242,A194,Fumigacion A 14 Semanas Libre,Fumigacion  Control Maleza ,HECTÁREA,58800
243,A196,Cargue De Abono Para Envio A Fincas,,UND,
244,A197,Almuerzos,EMPACADORA,UND,8000
245,A198,Chichas,,UND,500
246,A199,Malta Pequeña,EMPACADORA,UND,1500
247,A20,Asistente Técnica,,UND,
248,A200,Recabas De Canales Damaquiel,,UND,600
249,A201,Cafes,,UND,500
250,A202,Sancocho,,UND,4000
251,A203,Mentas,EMPACADORA,UND,100
252,A204,Recabas,,UND,600
253,A205,Amuerzos Sabado 16/10/2021,,UND,12000
254,A206,Almuerzos Sem 40,EMPACADORA,UND,10000
255,A207,Almuerzos Sem 38 Y 39,EMPACADORA,UND,5500
256,A208,Cuenta Ester 19/10/2021, ,UND,22500
257,A209,Almuerzo ,EMPACADORA,UND,10000
258,A21,Ayudante  Cable Vía 1,MANTENIMIENTO,HA./SEM,22000
259,A210,Papitas,EMPACADORA,UND,1500
260,A211,Abono Con Potasio Finca Pedrito,Abonar,UND,6000
261,A212,Abono Con Tierra De Diatomeas (Silicio) Pedrito,Abonar,UND,6000
262,A213,Abono Con Dap Finca Pedrito,Abonar,UND,6000
263,A214,Relimpia,Labores Campo,UND,300
264,A215,Recabas F. Pedrito,,UND,500
265,A216,Malta,EMPACADORA,,2500
266,A217,Almuerzos Semana 43,EMPACADORA,UND,5000
267,A218,Cuenta Ester Semana 43,,UND,22300
268,A219,Almuerzos ,EMPACADORA,UND,12000
269,A22,Ayudante Motosierra,,UND,25000
270,A220,Refrigerio Uveros-Damaquiel -Pedrito Sem 43,EMPACADORA,UND,116000
271,A221,Abono Con Urea,Abonar,UND,5000
272,A222,Chestryss,,UND,2500
273,A223,Esther Cuenta Semana 44,EMPACADORA,UND,11100
274,A224,Esther Cuenta Semana 45,EMPACADORA,UND,29000
275,A225,Don Alex Semana 45,EMPACADORA,UND,20500
276,A226,Don Alex Semana 46,EMPACADORA,UND,71500
277,A227,Don Alex Semana 47,EMPACADORA,UND,56300
278,A228,Fumigacion A 2 Semanas Libre Pedrito,Fumigacion  Control Maleza ,HECTÁREA,10000
279,A229,Fumigacion A 3 Semanas Libre Pedrito,Fumigacion  Control Maleza ,HECTÁREA,15000
280,A23,Baño De Matas Control Bacteriosis,Control,UND,
281,A230,Fumigacion A 4 Semanas Libre Pedrito,Fumigacion  Control Maleza ,HECTÁREA,20000
282,A231,Fumigacion A 5 Semanas Libre Pedrito,Fumigacion  Control Maleza ,HECTÁREA,25000
283,A232,Fumigacion A 6 Semanas Libre Pedrito,Fumigacion  Control Maleza ,HECTÁREA,30000
284,A233,Fumigacion A 7 Semanas Libre Pedrito,Fumigacion  Control Maleza ,HECTÁREA,35000
285,A234,Fumigacion A 8 Semanas Libre Pedrito,Fumigacion  Control Maleza ,HECTÁREA,40000
286,A235,Fumigacion A 9 Semanas Libre Pedrito,Fumigacion  Control Maleza ,HECTÁREA,45000
287,A236,Fumigacion A 10 Semanas Libre Pedrito,Fumigacion  Control Maleza ,HECTÁREA,50000
288,A237,Fumigacion A 11 Semanas Libre Pedrito,Fumigacion  Control Maleza ,HECTÁREA,55000
289,A238,Fumigacion A 12 Semanas Libre Pedrito,Fumigacion  Control Maleza ,HECTÁREA,60000
290,A239,Fumigacion A 13 Semanas Libre Pedrito,Fumigacion  Control Maleza ,HECTÁREA,65000
291,A24,Carrera San Pedro A Damaquiel,,UND,60000
292,A240,Fumigacion A 14 Semanas Libre Pedrito,Fumigacion  Control Maleza ,HECTÁREA,70000
293,A241,Rompimiento De Canales,Canales,METRO,1000
294,A242,Ester Cuenta Semana 50,EMPACADORA,UND,40700
295,A243,Don Alex Cuenta Semana 51,EMPACADORA,UND,12000
296,A244,Don Alex Cuenta Semana 52,EMPACADORA,UND,58000
297,A245,Don Alex Cuenta Semana 53,EMPACADORA,UND,151600
298,A246,Don Alex Cuenta Semana 54,EMPACADORA,UND,21000
299,A247,Don Alex Cuenta Semana 55,EMPACADORA,UND,109500
300,A248,Don Alex Cuenta Semana 56,EMPACADORA,UND,92500
301,A249,Don Alex Cuenta Semana 57,EMPACADORA,UND,32500
302,A25,Control Sigatoca F. Pedrito,Control,UND,2000
303,A250,Prensada Bolsas Por Kilo,EMPACADORA,KILOS,100
304,A251,Embolse Nuevo,Embolse,UND,130
305,A26,Carreras San Pedro A  San  Juan ,,UND,30000
306,A27,Carreras San Pedro A Uvero Carro,,UND,50000
307,A28,Carrera San Pedro- Pedrito- Damaquiel,,UND,60000
308,A29,Chapeo Con Machete,Labores Campo,UND,22000
309,A31,Contrato De Deshoje,Deshoje,HECTÁREA,5000
310,A32,Contrato De Desmache,Desmache,HECTÁREA,21000
311,A33,"Curada, Limpieza De Pie Y Abonada De Coco",,UND,2700
312,A34,Tratamiento Corona,,UND,
313,A35,Elaboración De Cerca,REPARACIONES,UND,1500
314,A36,Finca Pedrito,,UND,
315,A37,Poda De Arboles ,Labores Campo,UND,
316,A38,Gaseosa,EMPACADORA,UND,7000
317,A39,Panes Panaderia,EMPACADORA,UND,700
318,A40,Paca De Agua,EMPACADORA,UND,3500
319,A41,Conteo De Matas De Coco ,,UND,60
320,A42,Pastelitos,EMPACADORA,UND,1000
321,A43,Oficial Construcción,REPARACIONES,UND,35000
322,A44,Ayudante Construcción,REPARACIONES,UND,30000
323,A45,Elaboración De Semillero,Labores Campo,UND,22000
324,A46,Embolse ,Embolse,CONTR,120
325,A47,Fertilización Foliar,,MOTOR,5333
326,A48,Pelada De Cocos,,UND,60
327,A49,Labor Al Básico,Labores Campo,UND,22000
328,A50,Contrato De Fumigación ,Fumigacion  Control Maleza ,HA./SEM,21000
329,A51,Control Foliar ,Control,MOTOR,1500
330,A52,Elaboracion Placas Grande,,,15000
331,A53,Hora Extra ,,UND,1875
332,A54,Embulte De Coco,,,500
333,A55,Limpia  De Canales,,HECTÁREA,22000
334,A56,Limpia A Machete,Labores Campo,UND,22000
335,A57,Limpia Campamento,,,22000
336,A58,Limpieza Cable Vía,,UND,
337,A59,Limpieza De Quebrada,,UND,22000
338,A60,Limpieza Y Abonado De Planta De Coco,,UND,600
339,A61,Mantenimiento En Cable Vía,MANTENIMIENTO,UND,22000
340,A62,Midiendo Canales,,,22000
341,A63,Operador Motosierra,,UND,30000
342,A65,Codificación De Cartón,,UND,22000
343,A66,Pre Deshije,Labores Campo,UND,22000
344,A67,Prot-Fruta Desvió Puyón Racimo,Labores Campo,HA.,15000
345,A68,Reamare,Labores Campo,HA,22000
346,A69,Recabas De Canales,,UND,500
347,A70,Recogida De Bolsa De Campo Y Plastico,MANTENIMIENTO,UND,22000
348,A71,Recogida De Pitas,,,50
349,A72,Recogida De Pitas Y Arreglo De Mata,,UND,70
350,A73,Recolección De Coco Tumbado,Recojida Coco,UND,60
351,A74,Recolección De Coco Derramado,Recojida Coco,UND,0
352,A75,Repique Plátano Caído,Labores Campo,UND,
353,A76,Siembra De Cabeza Toro,,UND,500
354,A77,Siembra De Coco,,UND,300
355,A78,Siembra De Colinos,,UND,300
356,A79,Trans Galón Nitrax San Pedro Rio Mar,,UND,1000
357,A80,Tuba De  Coco ,,UND,60
358,A81,Carrera San Juan A Uveros,,UND,30000
359,A82,Mantenimiento -Pintura,MANTENIMIENTO,UND,22000
360,A83,Limpieza De Cerca,MANTENIMIENTO,UND,22000
361,A84,Recogida De Alambre ,,UND,
362,A85,Cajas Entregadas San Pedro,,UND,
363,A86,Plateo Con Machete,Labores Campo,UND,100
364,A87,Clasificación Plátano,,UND,
365,A88,Sacada De Coco,,UND,
366,A89,Rompimiento De Canales Pedrito,,METRO,1000
367,A90,Limpia De Pozo,MANTENIMIENTO,UND,22000
368,A91,Elaboración De Escaleras,,UND,25000
369,A92,Operario Motosierra Pedrito,,UND,35000
370,A93,Elaboración De Cerca  Lindero ,REPARACIONES,UND,
371,A94,Arranque Bejuco,Labores Campo,UND,22000
372,A95,Elaboración De Puentes,REPARACIONES,UND,
373,A96,Llenado De Agua,,UND,300
374,A97,Desmache Con Pali 10 Semana,Desmache,UND,30000
375,A98,Descargue Y Cargue De Bultos De Abono,,UND,250
376,A99,Elaboración De Estacas ,REPARACIONES,UND,50
377,CODIGO LABORES,Nombre De Labores,GRUPO LABOR,UNDAD DE PAGO,VALOR UNDAD
378,GR03,Contrato Reparacion en Cable Vía,MANTENIMIENTO,,
379,L00,No Trabajó,, ,0
380,L01,Tumba Coco,Coco,UND,70
381,L0111,Desflore,Desflore,UND,140
382,L0111-1,Desflore,Desflore,UND,160
383,L0145,Deshoje Especial(3),Deshoje,UND,12000
384,L0145-1,Deshoje Especial(3),Deshoje,HECTÁREA,15000
385,L0145-2,Deshoje Especial(3),Deshoje,HECTÁREA,18000
386,L0198,Recaba De Canales,,METRO,1000
387,L0198-1,Recabas  Pedrito,Labores Campo,METRO,1200
388,L0198-2,Recabas  F La Montaña (PN21),Labores Campo,METRO,1300
389,L02,Recogida Coco Tumbado,Recojida Coco,UND,70
390,L0213,Rompimiento De Canales Secundario,Canales,METRO,1500
391,L03,Pelada De Cocos,Pelada coco,UND,70
392,L04,Abono Con Urea Finca Pedrito,Abonar,UND,6000
393,L047,Embolse,Embolse,UND,140
394,L047-1,Embolse,Embolse,UND,160
395,L05,Abono Con Potasio,Abonar,UND,5000
396,L05-1,Abono Con Potasio,Abonar,UND,5800
397,L05-2,Abono Con Potasio,Abonar,UND,6000
398,L06,Abono Con Dap,Abonar,UND,5000
399,L06-1,Abono Con Dap,Abonar,UND,5800
400,L06-2,Abono Con Dap,Abonar,UND,6000
401,L069,Recaba De Canales,,UND,800
402,L07,Abono Con Sulfato De Amonio,Abonar,UND,5000
403,L07-1,Abono Con Sulfato De Amonio,Abonar,UND,5800
404,L07-2,Abono Con Sulfato De Amonio,Abonar,UND,6000
405,L08,Toconeo,Labores Campo,UND,21000
406,L08-1,Toconeo,Labores Campo,UND,1000
407,L08-2,Toconeo,Labores Campo,UND,1500
408,L08-3,Toconeo,Labores Campo,HECTAREA,80000
409,L09,Acarreo De Cajas (Carrera) ,EMPACADORA,UND,200000
410,L10,Realce De  Resiembra ,Deshoje,UND,60
411,L100,Conteo De Platano,,UND,40000
412,L101,Mantenimiento Instalaciones,MANTENIMIENTO,UND,22000
413,L10-1,Realce De Resiembra,Deshoje,UND,70
414,L102,Anticipo,,UND,
415,L10-2,Realce De Resiembra,Deshoje,HECTAREA,25000
416,L103,Acarreo De Tierra,Construccion,UND,
417,L104,Cuido De Plátano,,UND,30000
418,L105,Eliminación De Arboles ,Labores Campo,UND,22000
419,L106,Descargue De Torres ,,UND,10000
420,L107,Clasificación Coco,,UND,22000
421,L108,Control  Sigatoka Por Motores,Control,UND,1500
422,L109,Bajada Torres,,UND,
423,L11,Barcadillero,EMBARQUE,UND,30000
424,L110,Limpieza Bodega,MANTENIMIENTO,UND,22000
425,L111,Desflore,Desflore,UND,120
426,L11-1,Barcadillero,EMBARQUE,UND,35000
427,L112,Supervisor De Labores,,UND,30000
428,L113,Corte De Plátano,,UND,25000
429,L113-1,Corte De Plátano,EMPACADORA,UND,30000
430,L114,Recojida Y Traída De Semilla,Labores Campo,UND,100
431,L1145,Deshoje Especial(4),Deshoje,HECTAREA,15000
432,L1145-1,Deshoje Especial(4),Deshoje,HECTÁREA,20000
433,L1145-2,Deshoje Especial(4),Deshoje,HECTÁREA,24000
434,L115,Prensada De Bolsa ,,UND,3000
435,L116,Fumigación Pedrito + Aguateo,Fumigacion  Control Maleza ,UND,25000
436,L1165,Desmache 2 Semanas Libre,Desmache,HA./SEM,10000
437,L1166,Desmache 3 Semanas Libre,Desmache,HA./SEM,15000
438,L1167,Desmache 4 Semanas Libre,Desmache,HA./SEM,20000
439,L1168,Desmache 5 Semanas Libre,Desmache,HA./SEM,25000
440,L1169,Desmache 6 Semanas Libre,Desmache,HA./SEM,30000
441,L117,Drenaje,,UND,0
442,L1170,Desmache 7 Semanas Libre,Desmache,HA./SEM,35000
443,L1171,Desmache 8 Semanas Libre,Desmache,HA./SEM,40000
444,L1172,Desmache 9 Semanas Libre,Desmache,HA./SEM,45000
445,L1173,Desmache 10 Semanas Libre,Desmache,HA./SEM,50000
446,L1174,Desmache 11 Semanas Libre,Desmache,HA./SEM,55000
447,L1175,Desmache 12 Semanas Libre,Desmache,HA./SEM,60000
448,L1176,Desmache 13 Semanas Libre,Desmache,HA./SEM,65000
449,L1177,Desmache 14 Semanas Libre,Desmache,HA./SEM,70000
450,L1178,Fumigacion A 2 Semanas Libre,Fumigacion  Control Maleza ,HA./SEM,10000
451,L1179,Fumigacion A 3 Semanas Libre,Fumigacion  Control Maleza ,HA./SEM,15000
452,L118,Fumigación Especial Pedrito,Fumigacion  Control Maleza ,UND,50000
453,L1180,Fumigacion A 4 Semanas Libre,Fumigacion  Control Maleza ,HA./SEM,20000
454,L1181,Fumigacion A 5 Semanas Libre,Fumigacion  Control Maleza ,HA./SEM,25000
455,L1182,Fumigacion A 6 Semanas Libre,Fumigacion  Control Maleza ,HA./SEM,30000
456,L1183,Fumigacion A 7 Semanas Libre,Fumigacion  Control Maleza ,HA./SEM,35000
457,L1184,Fumigacion A 8 Semanas Libre,Fumigacion  Control Maleza ,HA./SEM,40000
458,L1185,Fumigacion A 9 Semanas Libre,Fumigacion  Control Maleza ,HA./SEM,45000
459,L1186,Fumigacion A 10 Semanas Libre,Fumigacion  Control Maleza ,HA./SEM,50000
460,L1187,Fumigacion A 11 Semanas Libre,Fumigacion  Control Maleza ,HA./SEM,55000
461,L1188,Fumigacion A 12 Semanas Libre,Fumigacion  Control Maleza ,HA./SEM,60000
462,L1189,Fumigacion A 13 Semanas Libre,Fumigacion  Control Maleza ,HA./SEM,65000
463,L119,Mantenimiento Garrucha,MANTENIMIENTO,UND,150
464,L1190,Fumigacion A 14 Semanas Libre,Fumigacion  Control Maleza ,HA./SEM,70000
465,L1191,Fumigacion A 15 Semanas Libre,Fumigacion  Control Maleza ,HA./SEM,75000
466,L119-1,Mantenimiento Garrucha,MANTENIMIENTO,UND,1000
467,L1191-1-2,Fumigacion A 15 Semanas Libre,,,
468,L119-2,Mantenimiento Garrucha,MANTENIMIENTO,UND,2000
469,L12,Amarre,Labores Campo,UND,120
470,L120,Limpia De Matas De Coco Uveros,,UND,500
471,L121,Mantenimiento Resiembra,MANTENIMIENTO,UND,100
472,L122,Reposo,,UND,15000
473,L123,Desmache Pri,Desmache,UND,60000
474,L124,Desmache Seg,Desmache,UND,40000
475,L125,Desmache Otoniel Ter,Desmache,UND,25000
476,L126,Carrera San Pedro Pedrito Carro,,UND,30000
477,L127,Aporque Matas Plátano,Labores Campo,,
478,L128,Control Foliar Pedrito,Control,MOTOR,1800
479,L129,Elaboración De Cacha Machete,,UND,10000
480,L13,Amarre De Pita A La Cinta,Elaboracion cinta edad,UND,5
481,L130,Topiban,Labores Campo,UND,50
482,L131,Hércules,Labores Campo,HECTÁREA,200000
483,L13-1,Amarre De Pita A La Cinta,Labores Campo,UND,7
484,L132,Carrera Entre San Pedro -Pedrito-Uveros -Damaquiel,,UND,80000
485,L133,Carrera Entre San Pedro Y Damaquiel Sencilla Moto,,UND,7000
486,L134,Carrera Entre San Pedro Y Damaquiel Doble Moto,,UND,12000
487,L135,Descarge De Abono,,TONELADA,7000
488,L136,Aseo Botada De Vástagos De Plátano,MANTENIMIENTO,UND,10
489,L136-1,Aseo Botada De Vástagos De Plátano,MANTENIMIENTO,UND,12
490,"L136-1,1",Aseo Botada De Vástagos De Plátano,MANTENIMIENTO,UND,11.5
491,L137,Recolección De Semilla Y Acarreo,Labores Campo,UND,80
492,L137-1,Recolección De Semilla Y Acarreo,Labores Campo,UND,100
493,L137-2,Recolección De Semilla Y Acarreo,Labores Campo,UND,150
494,L138,Carrera San Juan A F. Pedrito Moto,,UND,4000
495,L139,Construcción De Empacadora,,UND,22000
496,L14,Regada De Tierra,Labores Campo,UND,150
497,L140,Costaneros (Sacada Arreada),,UND,500
498,L141,Desmache Especial Pedrito,Desmache,HECTÁREA,70000
499,L142,Abono Con Rafos 50 Kgs,Abonar,UND,5000
500,L143,Carrera San Juan Uvero -Damaquiel,,UND,60000
501,L144,Preembarque,,UND,11000
502,L144-1,Preembarque,EMPACADORA,UND,12800
503,L145,Deshoje Doble,Deshoje,HECTÁREA,10000
504,L145-1,Deshoje Doble,Deshoje,HECTÁREA,10000
505,L145-2,Deshoje Especial (2),Deshoje,HECTAREA,12000
506,L146,Supervisor De Labores,Labores Campo,UND,
507,L147,Carrera San Pedro-Pedrito-Uveros,,UND,50000
508,L148,Carrera Damaquiel - Pedrito,,UND,30000
509,L149,Correccion,,UND,0
510,L15,Mantenimiento Cerca,MANTENIMIENTO,UND,22000
511,L150,Cargue De Costales De 50 Kilos ,,COSTAL,350
512,L151,Desinfeccion De Suelo,Labores Campo,UND,22000
513,L152,Corte De Arboles Con Hacha,MANTENIMIENTO,UND,25000
514,L153,Carrera Entre San Pedro -Uveros Sencilla Moto,,UND,10000
515,L154,Acarreo De Madera,Construccion,UND,22000
516,L155,Descargue Y Cargue De Cajas De Platano,,UND,22000
517,L156,Cargue De Cajas De Platano,,UND,22000
518,L157,Acarreo De Palma Para Construccion Empacadora,Construccion,UND,22000
519,L158,Empalme De Casa F.Pedrito,,UND,22000
520,L159,Ayudante De Empalme Casa F.Pedrito,,UND,22000
521,L16,Aplicación De Agrosem,Foliar,BTO,6000
522,L160,Aplicación De Drem,,UND,25000
523,L161,Reparacion De Techo En Bodegas ,,UND,22000
524,L162,Refrigerio ,EMPACADORA,UND,10000
525,L163,Panes,EMPACADORA,UND,1000
526,L164,Carrera San Pedro-Uveros-Damaquiel,,UND,60000
527,L165,Desmache 2 Semanas Libre,Desmache,HECTÁREA,8400
528,L166,Desmache 3 Semanas Libre,Desmache,HECTÁREA,12600
529,L167,Desmache 4 Semanas Libre,Desmache,HECTÁREA,16800
530,L168,Desmache 5 Semanas Libre,Desmache,HECTÁREA,21000
531,L169,Desmache 6 Semanas Libre,Desmache,HECTÁREA,25200
532,L17,Arranque Recojida Y Traida De Semilla De Plátano,Labores Campo,UND,150
533,L170,Desmache 7 Semanas Libre,Desmache,HECTÁREA,29400
534,L171,Desmache 8 Semanas Libre,Desmache,HECTÁREA,33600
535,L17-1,"Arranque, Recojida Y Traida De Semilla",Labores Campo,UND,120
536,L172,Desmache 9 Semanas Libre,Desmache,HECTÁREA,37800
537,L17-2,"Arranque, Recojida Y Traida De Semilla",Labores Campo,UND,100
538,L173,Desmache 10 Semanas Libre,Desmache,HECTÁREA,42000
539,L17-3,Arranque Recojida Y Traida De Semilla De Plátano(CABEZA DE TORO),Labores Campo,UND,500
540,L174,Desmache 11 Semanas Libre,Desmache,HECTÁREA,46200
541,L175,Desmache 12 Semanas Libre,Desmache,HECTÁREA,50400
542,L176,Desmache 13 Semanas Libre,Desmache,HECTÁREA,54600
543,L177,Desmache 14 Semanas Libre,Desmache,HECTÁREA,58800
544,L178,Fumigacion A 2 Semanas Libre,Fumigacion  Control Maleza ,HECTÁREA,8400
545,L179,Fumigacion A 3 Semanas Libre,Fumigacion  Control Maleza ,HECTÁREA,12600
546,L18,Arreglo Cerca,REPARACIONES,UND,22000
547,L180,Fumigacion A 4 Semanas Libre,Fumigacion  Control Maleza ,HECTÁREA,16800
548,L181,Fumigacion A 5 Semanas Libre,Fumigacion  Control Maleza ,HECTÁREA,21000
549,L182,Fumigacion A 6 Semanas Libre,Fumigacion  Control Maleza ,HECTÁREA,25200
550,L183,Fumigacion A 7 Semanas Libre,Fumigacion  Control Maleza ,HECTÁREA,29400
551,L184,Fumigacion A 8 Semanas Libre,Fumigacion  Control Maleza ,HECTÁREA,33600
552,L185,Fumigacion A 9 Semanas Libre,Fumigacion  Control Maleza ,HECTÁREA,37800
553,L186,Fumigacion A 10 Semanas Libre,Fumigacion  Control Maleza ,HECTÁREA,42000
554,L187,Fumigacion A 11 Semanas Libre,Fumigacion  Control Maleza ,HECTÁREA,46200
555,L188,Fumigacion A 12 Semanas Libre,Fumigacion  Control Maleza ,HECTÁREA,50400
556,L189,Fumigacion A 13 Semanas Libre,Fumigacion  Control Maleza ,HECTÁREA,54600
557,L19,Arreglo De Bodega,MANTENIMIENTO,UND,22000
558,L190,Fumigacion A 14 Semanas Libre,Fumigacion  Control Maleza ,HECTÁREA,58800
559,L191,Abono Con  Tierra De Diatomeas 25 Kilos(Silicio),Abonar,UND,3000
560,L191-1,Abono Con  Tierra De Diatomeas 25 Kilos(Silicio),Abonar,UND,4000
561,L192,Cargue De Abono Para Envio A Fincas,,UND,
562,L193,Recabas De Canales,,UND,800
563,L194,Abono Con Potasio Finca Pedrito,Abonar,UND,6000
564,L195,Abono Con Tierra De Diatomeas (Silicio) Pedrito,Abonar,UND,6000
565,L196,Abono Con Dap Finca Pedrito,Abonar,UND,6000
566,L197,Relimpia,Labores Campo,UND,300
567,L198,Recabas F. Pedrito,,UND,500
568,L199,Abono Con Urea,Abonar,UND,5000
569,L199-1,Abono Con Urea,Abonar,UND,5800
570,L199-2,Abono Con Urea,Abonar,UND,6000
571,L199-3,Abono Con Urea,Abonar,UND,10000
572,L20,Arreglo De Pitas,Embarque,UND,5
573,L200,Fumigacion A 2 Semanas Libre Pedrito,Fumigacion  Control Maleza ,HECTÁREA,10000
574,L201,Fumigacion A 3 Semanas Libre Pedrito,Fumigacion  Control Maleza ,HECTÁREA,15000
575,L20-1,Arreglo De Cinta,,UND,7
576,L202,Fumigacion A 4 Semanas Libre Pedrito,Fumigacion  Control Maleza ,HECTÁREA,20000
577,L203,Fumigacion A 5 Semanas Libre Pedrito,Fumigacion  Control Maleza ,HECTÁREA,25000
578,L204,Fumigacion A 6 Semanas Libre Pedrito,Fumigacion  Control Maleza ,HECTÁREA,30000
579,L205,Fumigacion A 7 Semanas Libre Pedrito,Fumigacion  Control Maleza ,HECTÁREA,35000
580,L206,Fumigacion A 8 Semanas Libre Pedrito,Fumigacion  Control Maleza ,HECTÁREA,40000
581,L207,Fumigacion A 9 Semanas Libre Pedrito,Fumigacion  Control Maleza ,HECTÁREA,45000
582,L208,Fumigacion A 10 Semanas Libre Pedrito,Fumigacion  Control Maleza ,HECTÁREA,50000
583,L209,Fumigacion A 11 Semanas Libre Pedrito,Fumigacion  Control Maleza ,HECTÁREA,55000
584,L21,Aseo Conchas De Coco,MANTENIMIENTO,UND,22000
585,L210,Fumigacion A 12 Semanas Libre Pedrito,Fumigacion  Control Maleza ,HECTÁREA,60000
586,L211,Fumigacion A 13 Semanas Libre Pedrito,Fumigacion  Control Maleza ,HECTÁREA,65000
587,L212,Fumigacion A 14 Semanas Libre Pedrito,Fumigacion  Control Maleza ,HECTÁREA,70000
588,L213,Rompimiento De Canales,,METRO,1000
589,L214,Prensada Bolsas Por Kilo,EMPACADORA,KILOS,100
590,L2145,Deshoje Especial(5),Deshoje,HECTAREA,18000
591,L2145-1,Deshoje Especial(5),Deshoje,HECTÁREA,25000
592,L2145-2,Deshoje Especial(5),Deshoje,HECTÁREA,30000
593,L2146,Deshoje Especial(6),Deshoje,HECTAREA,20000
594,L2146-1,Deshoje Especial(6),Deshoje,HECTÁREA,30000
595,L2146-2,Deshoje Especial(6),Deshoje,HECTÁREA,36000
596,L215,Cuenta Don Alex Semana 9,,,86000
597,L216,Refigerios Desde Sem 10 A La Sem 13,,UND,218000
598,L217,Arranque De Semillas,Labores Campo,UND,30000
599,L217-1,Arranque De Semillas,Labores Campo,UND,50
600,L218,Hoyador,,UND,30000
601,L218-2,Hoyado,,UND,166.66666666666666
602,L219,Arreo De Semillas,Labores Campo,UND,30000
603,L219-1,Arreo De Semillas,Labores Campo,UND,50
604,L22,Aseo Embarque ,MANTENIMIENTO,UND,22000
605,L220,Calsada De Via,,UND,30000
606,L221,Aplicación De Humus,,UND,30000
607,L22-1,Aseo Embarque ,MANTENIMIENTO,UND,25000
608,L222,Aplicación De Elementos Menores,,UND,30000
609,L22-2,Aseo Embarque (UVERO/DAMAQUIEL),,UND,30000
610,L223,Pase De Guadaña,Guadaña Control Maleza,HECTAREA,35000
611,L223-1,Pase De Guadaña ,Guadaña Control Maleza,HECTAREA,100000
612,L223-2,Pase De Guadaña ,Guadaña Control Maleza,HECTAREA,150000
613,L223-3,Pase De Guadaña Descumbre,Guadaña Control Maleza,HECTAREA,70000
614,L223-4,Pase De Guadaña ,Guadaña Control Maleza,HECTAREA,90000
615,L223-5,Pase De Guadaña ,Guadaña Control Maleza,HECTAREA,200000
616,L223-6,Pase De Guadaña ,Guadaña Control Maleza,HECTAREA,60000
617,L223-7,Pase De Guadaña-Corte bejuco-Toconeo,Guadaña Control Maleza,HECTAREA,180000
618,L224,Elaboracion De Escaleras,,UND,25000
619,L224-1,Elaboracion De Escaleras,,UND,35000
620,L225,Aplicación De Boro Zinco,,UND,30000
621,L226,Mantenimiento De Equipo,,UND,20000
622,L227,Descumbre,,UND,30000
623,L228,Revision De Labores,,UND,35000
624,L229,Abriendo Trocha,,UND,30000
625,L23,Asistente Técnica,,UND,
626,L230,Mantenimiento Y Reparacion Equipos,,UND,25000
627,L231,Renovacion De Lote,,UND,30000
628,L232,Corte De Tablas De Madera X Docena,,DOCENA,40000
629,L233,Corte De Madera,,METRO,2500
630,L234,Precorte,Labores Campo,UND,74
631,L234-1,Precorte,Labores Campo,UND,85
632,L235,Cargue De Coco,Labores Campo,UND,30000
633,L236,Ajuste Por Area,,UND,20000
634,L237,Reajuste Por EnseñanzA,,UND,30000
635,L238,Corte De Tablas De Madera ,,UND,3750
636,L239,Corte De Listones,,UND,2500
637,L24,Ayudante  Cable Vía 1,MANTENIMIENTO,HA./SEM,22000
638,L240,Corte De Varetones,,MTS,2500
639,L241,Pica rastrojo,,HECTAREA,280000
640,L242,Corte De Astillas para cerca,,UND,1000
641,L243,Aplicación de bacterias c/motor,,Motor,1800
642,L244,Desinfeccion de semillas,Labores Campo,UND,30000
643,L245,Operario de maquinaria pesada,Labores Campo,UND,44600
644,L246,Bono por cumpliento,,BISEMANAL,1
645,L247,Abono con materia organica,Abonar,HECTAREA,200000
646,L248,Corte de madera en astillas,,UND,3000
647,L249,Termonebulizador ,FOLIAR,HECTAREA,6000
648,L25,Ayudante Motosierra,,UND,25000
649,L250,Carrera em moto San Juan-San Pedro,Labores Campo,UND,5000
650,L251,Control foliar,Control,HECTAREA,6000
651,L251-1,Control foliar con Nitrato de potasio y menores,Control,HECTAREA,10000
652,L252,Abono con micorriza,Abonar,UND,6000
653,L253,Desmache La Antioqueñita-Uveros,Desmache,HA./SEM,84000
654,L254,Embolse con Jaco,Embolse,UND,170
655,L255,Mezclas Dap-Urea 120 grms,Abonar,UND,6000
656,L255-1,Mezclas Dap-Urea-Nitrato 150 grms (Enterrado),Abonar,UND,12000
657,L26,Baño De Matas Control Bacteriosis,Control,UND,
658,L27,Carrera San Pedro A Damaquiel,,UND,60000
659,L28,Control Sigatoca F. Pedrito,Control,UND,2000
660,L29,Carreras San Pedro A  San  Juan ,,UND,30000
661,L30,Carreras San Pedro A Uvero Carro,,UND,50000
662,L31,Carrera San Pedro- Pedrito- Damaquiel,,UND,60000
663,L3145,Deshoje Especial(7),Deshoje,HECTAREA,28000
664,L3145-1,Deshoje Especial(7),Deshoje,HECTAREA,35000
665,L3145-2,Deshoje Especial(7),Deshoje,HECTAREA,42000
666,L32,Chapeo Con Machete,Labores Campo,UND,22000
667,L33,Abono Bosque  Saco 50 Kl,Abonar,UND,6000
668,L34,Contrato De Deshoje,Deshoje,HECTÁREA,5000
669,L34-1,Contrato Deshoje,Deshoje,HECTAREA,6000
670,L35,Contrato De Desmache,Desmache,HECTÁREA,21000
671,L35-1,Contrato De Desmache,Desmache,HECTAREA,25000
672,L36,"Curada, Limpieza De Pie Y Abonada De Coco",Labores Campo,UND,2700
673,L36-1,"Curada, Limpieza De Pie Y Abonada De Coco",,UND,3000
674,L37,Casiqueo,Labores Campo,UND,30000
675,L37-1,Casiqueo,Labores Campo,UND,85
676,L38,Elaboración De Cerca,REPARACIONES,UND,1500
677,L39,Poda De Arboles ,Labores Campo,UND,25000
678,L40,Gaseosa,EMPACADORA,UND,7000
679,L41,Panes,EMPACADORA,UND,500
680,L4145,Deshoje Especial(8),Deshoje,HECTAREA,34000
681,L4145-1,Deshoje Especial(8),Deshoje,HECTAREA,40000
682,L4145-2,Deshoje Especial(8),Deshoje,HECTAREA,48000
683,L42,Paca De Agua,EMPACADORA,UND,5000
684,L43,Conteo De Matas De Coco ,,UND,60
685,L44,Oficial Construcción,REPARACIONES,UND,35000
686,L45,Ayudante Construcción,REPARACIONES,UND,30000
687,L46,Elaboración De Semillero,Labores Campo,UND,22000
688,L47,Embolse ,Embolse,UND,130
689,L48,Fertilización Foliar,,MOTOR,1800
690,L49,Pelada De Cocos,,UND,60
691,L50,Labor Al Básico,Labores Campo,UND,22000
692,L51,Contrato De Fumigación ,Fumigacion  Control Maleza ,HA./SEM,21000
693,L51-1,Contrato De Fumigación ,Fumigacion  Control Maleza ,HA./SEM,25000
694,L5145,Deshoje Especial(9),Deshoje,HECTAREA,45000
695,L5145-1,Deshoje Especial(9),Deshoje,HECTAREA,40000
696,L5145-2,Deshoje Especial(9),Deshoje,HECTAREA,54000
697,L52,Control Foliar ,Control,MOTOR,1500
698,L53,Elaboracion Placas Grande,,,15000
699,L54,Embulte De Coco,,,500
700,L55,Limpia  De Canales,,HECTÁREA,22000
701,L55-1,Limpieza De Canales,,HECTAREA,12000
702,L56,Limpia A Machete,Labores Campo,UND,22000
703,L56-1,Limpia A Machete,Labores Campo,HECTAREA,20000
704,L57,Limpia Campamento,,,22000
705,L57-1,Limpieza Campamento,,UND,30000
706,L58,Mantenimiento Cable Vía,,UND,22000
707,L59,Limpieza De Quebrada,,UND,22000
708,L60,Limpieza Y Abonado De Planta De Coco,,UND,600
709,L61,Reparacion En Cable Vía,MANTENIMIENTO,UND,22000
710,L6145,Deshoje Especial(10),Deshoje,HECTAREA,50000
711,L6145-1,Deshoje Especial(10),Deshoje,HECTAREA,
712,L6145-2,Deshoje Especial(10),Deshoje,HECTAREA,60000
713,L62,Midiendo Canales,,,22000
714,L63,Operador Motosierra,,UND,35000
715,L64,Repique De Matas Caídas,Labores Campo,UND,22000
716,L64,Repique De Matas Caídas,Labores Campo,UND,22000
717,L64-1,Repique De Matas Caídas,Labores Campo,UND,30000
718,L65,Codificación De Cartón,,UND,22000
719,L65-1,Codificación De Cartón,,UND,25000
720,L65-2,Codificación De Cartón,,CAJAS,50
721,L66,Pre Deshije,Labores Campo,UND,22000
722,L67,Prot-Fruta Desvió Puyón Racimo,Labores Campo,HA.,15000
723,L68,Reamare,Labores Campo,HA,22000
724,L69,Recabas De Canales,,UND,500
725,L70,Recogida De Bolsa De Campo Y Plastico,MANTENIMIENTO,UND,22000
726,L71,Recogida De Pitas,,,50
727,L72,Recogida De Pitas Y Arreglo De Mata,,UND,70
728,L73,Recolección De Coco Tumbado,Recojida Coco,UND,60
729,L73-1,Recolección De Coco Tumbado,Recojida Coco,UND,80
730,L74,Recolección De Coco Derramado,Recojida Coco,UND,100
731,L75,Repique Plátano Caído,Labores Campo,UND,
732,L76,Siembra De Cabeza Toro,,UND,500
733,L76-1,Siembra De Cabeza Toro,,UND,600
734,L76-2,Siembra De Cabeza Toro,,UND,700
735,L77,Siembra De Coco,,UND,300
736,L77-1,Siembra De Coco,,UND,700
737,L78,Siembra De Colinos,,UND,300
738,L78-1,Siembra De Colinos,,UND,350
739,L78-2,Siembra De Colinos,,UND,120
740,L78-3,Siembra De Colinos S/Hoyar,,UND,200
741,L78-4,Siembra De Colinos La Montaña,,UND,360
742,L78-5,Siembra De Colinos La Montaña,SIEMBRA,UND,400
743,L79,Trans Galón Nitrax San Pedro ,,UND,1000
744,L81,Carrera San Juan A Uveros,,UND,30000
745,L82,Mantenimiento -Pintura,MANTENIMIENTO,UND,22000
746,L83,Limpieza De Cerca,MANTENIMIENTO,UND,22000
747,L84,Recogida De Alambre ,,UND,
748,L85,Cajas Entregadas San Pedro,,UND,
749,L86,Plateo Con Machete,Labores Campo,UND,100
750,L87,Clasificación Plátano,,UND,
751,L88,Sacada De Coco,,UND,
752,L89,Rompimiento De Canales Pedrito,,METRO,1000
753,L90,Limpia De Pozo,MANTENIMIENTO,UND,22000
754,L91,Elaboración De ,,UND,25000
755,L92,Operario Motosierra Pedrito,,UND,35000
756,L93,Elaboración De Cerca  Lindero ,REPARACIONES,UND,
757,L94,Arranque Bejuco,Labores Campo,UND,22000
758,L94-1,Arranque Bejuco,Labores Campo,HECTAREA,60000
759,L94-2,Arranque Bejuco,Labores Campo,HECTAREA,15000
760,L94-3,Arranque Bejuco,Labores Campo,HECTAREA,80000
761,L94-4,Arranque Bejuco,Labores Campo,HECTAREA,50000
762,L95,Elaboración De Puentes,REPARACIONES,UND,
763,L96,Llenado De Agua,,UND,300
764,L96-1,Llenado De Agua,Embarque,UND,350
765,L97,Desmache Con Pali 10 Semana,Desmache,UND,30000
766,L98,Descargue Y Cargue De Bultos De Abono,,UND,250
767,L99,Elaboración De Estacas ,Reparaciones,UND,50
768,MC001,Corte de madera en astillas (BARETA),Madera,UND,5000
769,MC002,Acarreo De Madera,Madera,UND,
770,MC003,Corte De Tablas De Madera X Docena,Madera,UND,
771,MC004,Corte De Madera,Madera,UND,
